date,headline
2023-01-01,Speculation rises on potential ETF approval for Bitcoin.
2023-01-03,Crypto market rebounds after major liquidation event.
2023-01-05,Market sentiment improves amid lower volatility and steady inflow.
2023-01-07,Bearish sentiment grows as market experiences sharp decline.
2023-01-09,Crypto market rebounds after major liquidation event.
2023-01-11,BTC drops as traders take profit after short rally.
2023-01-13,BTC drops as traders take profit after short rally.
2023-01-15,Major outflows from exchanges signal possible accumulation.
2023-01-17,Market sentiment improves amid lower volatility and steady inflow.
2023-01-19,Major outflows from exchanges signal possible accumulation.
2023-01-21,Bearish sentiment grows as market experiences sharp decline.
2023-01-23,Bitcoin is surging after strong whale accumulation.
2023-01-25,Market sentiment improves amid lower volatility and steady inflow.
2023-01-27,Bitcoin is surging after strong whale accumulation.
2023-01-29,Bearish sentiment grows as market experiences sharp decline.
2023-01-31,Speculation rises on potential ETF approval for Bitcoin.
2023-02-02,Analysts predict recovery as BTC stabilizes above key support.
2023-02-04,Bearish sentiment grows as market experiences sharp decline.
2023-02-06,Analysts predict recovery as BTC stabilizes above key support.
2023-02-08,Bearish sentiment grows as market experiences sharp decline.
2023-02-10,Crypto market rebounds after major liquidation event.
2023-02-12,Speculation rises on potential ETF approval for Bitcoin.
2023-02-14,Bearish sentiment grows as market experiences sharp decline.
2023-02-16,Bearish sentiment grows as market experiences sharp decline.
2023-02-18,Crypto market rebounds after major liquidation event.
2023-02-20,BTC drops as traders take profit after short rally.
2023-02-22,Bitcoin is surging after strong whale accumulation.
2023-02-24,Major outflows from exchanges signal possible accumulation.
2023-02-26,Investors worried as major wallets move assets to exchanges.
2023-02-28,Crypto market rebounds after major liquidation event.
2023-03-02,Bearish sentiment grows as market experiences sharp decline.
2023-03-04,Bitcoin is surging after strong whale accumulation.
2023-03-06,Crypto market rebounds after major liquidation event.
2023-03-08,Bitcoin is surging after strong whale accumulation.
2023-03-10,Investors worried as major wallets move assets to exchanges.
2023-03-12,Major outflows from exchanges signal possible accumulation.
2023-03-14,BTC drops as traders take profit after short rally.
2023-03-16,Bearish sentiment grows as market experiences sharp decline.
2023-03-18,Traders expect sideways market as indicators remain neutral.
2023-03-20,Bitcoin is surging after strong whale accumulation.
2023-03-22,Traders expect sideways market as indicators remain neutral.
2023-03-24,Speculation rises on potential ETF approval for Bitcoin.
2023-03-26,Market sentiment improves amid lower volatility and steady inflow.
2023-03-28,Major outflows from exchanges signal possible accumulation.
2023-03-30,Crypto market rebounds after major liquidation event.
2023-04-01,Major outflows from exchanges signal possible accumulation.
2023-04-03,Investors worried as major wallets move assets to exchanges.
2023-04-05,Analysts predict recovery as BTC stabilizes above key support.
2023-04-07,Market sentiment improves amid lower volatility and steady inflow.
2023-04-09,Speculation rises on potential ETF approval for Bitcoin.
2023-04-11,Major outflows from exchanges signal possible accumulation.
2023-04-13,Major outflows from exchanges signal possible accumulation.
2023-04-15,Market sentiment improves amid lower volatility and steady inflow.
2023-04-17,Bearish sentiment grows as market experiences sharp decline.
2023-04-19,Speculation rises on potential ETF approval for Bitcoin.
2023-04-21,Market sentiment improves amid lower volatility and steady inflow.
2023-04-23,Traders expect sideways market as indicators remain neutral.
2023-04-25,Bitcoin is surging after strong whale accumulation.
2023-04-27,Analysts predict recovery as BTC stabilizes above key support.
2023-04-29,Market sentiment improves amid lower volatility and steady inflow.
2023-05-01,Speculation rises on potential ETF approval for Bitcoin.
2023-05-03,Market sentiment improves amid lower volatility and steady inflow.
2023-05-05,Speculation rises on potential ETF approval for Bitcoin.
2023-05-07,BTC drops as traders take profit after short rally.
2023-05-09,Traders expect sideways market as indicators remain neutral.
2023-05-11,Bearish sentiment grows as market experiences sharp decline.
2023-05-13,BTC drops as traders take profit after short rally.
2023-05-15,Market sentiment improves amid lower volatility and steady inflow.
2023-05-17,Major outflows from exchanges signal possible accumulation.
2023-05-19,Traders expect sideways market as indicators remain neutral.
2023-05-21,Market sentiment improves amid lower volatility and steady inflow.
2023-05-23,Bitcoin is surging after strong whale accumulation.
2023-05-25,Crypto market rebounds after major liquidation event.
2023-05-27,Major outflows from exchanges signal possible accumulation.
2023-05-29,Bearish sentiment grows as market experiences sharp decline.
2023-05-31,Crypto market rebounds after major liquidation event.
2023-06-02,Traders expect sideways market as indicators remain neutral.
2023-06-04,Analysts predict recovery as BTC stabilizes above key support.
2023-06-06,Speculation rises on potential ETF approval for Bitcoin.
2023-06-08,BTC drops as traders take profit after short rally.
2023-06-10,Speculation rises on potential ETF approval for Bitcoin.
2023-06-12,Market sentiment improves amid lower volatility and steady inflow.
2023-06-14,Bitcoin is surging after strong whale accumulation.
2023-06-16,BTC drops as traders take profit after short rally.
2023-06-18,Major outflows from exchanges signal possible accumulation.
2023-06-20,Analysts predict recovery as BTC stabilizes above key support.
2023-06-22,Market sentiment improves amid lower volatility and steady inflow.
2023-06-24,Traders expect sideways market as indicators remain neutral.
2023-06-26,Speculation rises on potential ETF approval for Bitcoin.
2023-06-28,Bitcoin is surging after strong whale accumulation.
2023-06-30,Bearish sentiment grows as market experiences sharp decline.
2023-07-02,Speculation rises on potential ETF approval for Bitcoin.
2023-07-04,Speculation rises on potential ETF approval for Bitcoin.
2023-07-06,Bitcoin is surging after strong whale accumulation.
2023-07-08,Market sentiment improves amid lower volatility and steady inflow.
2023-07-10,Crypto market rebounds after major liquidation event.
2023-07-12,BTC drops as traders take profit after short rally.
2023-07-14,Analysts predict recovery as BTC stabilizes above key support.
2023-07-16,Bearish sentiment grows as market experiences sharp decline.
2023-07-18,Major outflows from exchanges signal possible accumulation.
2023-07-20,Bearish sentiment grows as market experiences sharp decline.
2023-07-22,Bearish sentiment grows as market experiences sharp decline.
2023-07-24,Speculation rises on potential ETF approval for Bitcoin.
2023-07-26,Bitcoin is surging after strong whale accumulation.
2023-07-28,Bearish sentiment grows as market experiences sharp decline.
2023-07-30,BTC drops as traders take profit after short rally.
2023-08-01,Crypto market rebounds after major liquidation event.
2023-08-03,Bitcoin is surging after strong whale accumulation.
2023-08-05,Traders expect sideways market as indicators remain neutral.
2023-08-07,Investors worried as major wallets move assets to exchanges.
2023-08-09,Investors worried as major wallets move assets to exchanges.
2023-08-11,BTC drops as traders take profit after short rally.
2023-08-13,Bearish sentiment grows as market experiences sharp decline.
2023-08-15,Market sentiment improves amid lower volatility and steady inflow.
2023-08-17,Traders expect sideways market as indicators remain neutral.
2023-08-19,Speculation rises on potential ETF approval for Bitcoin.
2023-08-21,Major outflows from exchanges signal possible accumulation.
2023-08-23,Crypto market rebounds after major liquidation event.
2023-08-25,Speculation rises on potential ETF approval for Bitcoin.
2023-08-27,Traders expect sideways market as indicators remain neutral.
2023-08-29,Traders expect sideways market as indicators remain neutral.
2023-08-31,Investors worried as major wallets move assets to exchanges.
2023-09-02,Traders expect sideways market as indicators remain neutral.
2023-09-04,Speculation rises on potential ETF approval for Bitcoin.
2023-09-06,Major outflows from exchanges signal possible accumulation.
2023-09-08,Speculation rises on potential ETF approval for Bitcoin.
2023-09-10,Analysts predict recovery as BTC stabilizes above key support.
2023-09-12,Major outflows from exchanges signal possible accumulation.
2023-09-14,Major outflows from exchanges signal possible accumulation.
2023-09-16,Analysts predict recovery as BTC stabilizes above key support.
2023-09-18,Analysts predict recovery as BTC stabilizes above key support.
2023-09-20,Analysts predict recovery as BTC stabilizes above key support.
2023-09-22,Traders expect sideways market as indicators remain neutral.
2023-09-24,Traders expect sideways market as indicators remain neutral.
2023-09-26,Crypto market rebounds after major liquidation event.
2023-09-28,Market sentiment improves amid lower volatility and steady inflow.
2023-09-30,Market sentiment improves amid lower volatility and steady inflow.
2023-10-02,Traders expect sideways market as indicators remain neutral.
2023-10-04,Crypto market rebounds after major liquidation event.
2023-10-06,BTC drops as traders take profit after short rally.
2023-10-08,Analysts predict recovery as BTC stabilizes above key support.
2023-10-10,Analysts predict recovery as BTC stabilizes above key support.
2023-10-12,Investors worried as major wallets move assets to exchanges.
2023-10-14,Analysts predict recovery as BTC stabilizes above key support.
2023-10-16,Bitcoin is surging after strong whale accumulation.
2023-10-18,Investors worried as major wallets move assets to exchanges.
2023-10-20,Traders expect sideways market as indicators remain neutral.
2023-10-22,Major outflows from exchanges signal possible accumulation.
2023-10-24,Bitcoin is surging after strong whale accumulation.
2023-10-26,Major outflows from exchanges signal possible accumulation.
2023-10-28,Investors worried as major wallets move assets to exchanges.
2023-10-30,Crypto market rebounds after major liquidation event.
2023-11-01,Speculation rises on potential ETF approval for Bitcoin.
2023-11-03,Speculation rises on potential ETF approval for Bitcoin.
2023-11-05,Speculation rises on potential ETF approval for Bitcoin.
2023-11-07,Crypto market rebounds after major liquidation event.
2023-11-09,BTC drops as traders take profit after short rally.
2023-11-11,Speculation rises on potential ETF approval for Bitcoin.
2023-11-13,Traders expect sideways market as indicators remain neutral.
2023-11-15,Bitcoin is surging after strong whale accumulation.
2023-11-17,BTC drops as traders take profit after short rally.
2023-11-19,Speculation rises on potential ETF approval for Bitcoin.
2023-11-21,Speculation rises on potential ETF approval for Bitcoin.
2023-11-23,Bearish sentiment grows as market experiences sharp decline.
2023-11-25,Investors worried as major wallets move assets to exchanges.
2023-11-27,Bearish sentiment grows as market experiences sharp decline.
2023-11-29,BTC drops as traders take profit after short rally.
2023-12-01,Market sentiment improves amid lower volatility and steady inflow.
2023-12-03,Major outflows from exchanges signal possible accumulation.
2023-12-05,BTC drops as traders take profit after short rally.
2023-12-07,Speculation rises on potential ETF approval for Bitcoin.
2023-12-09,Traders expect sideways market as indicators remain neutral.
2023-12-11,Market sentiment improves amid lower volatility and steady inflow.
2023-12-13,Bearish sentiment grows as market experiences sharp decline.
2023-12-15,BTC drops as traders take profit after short rally.
2023-12-17,Bearish sentiment grows as market experiences sharp decline.
2023-12-19,BTC drops as traders take profit after short rally.
2023-12-21,Crypto market rebounds after major liquidation event.
2023-12-23,Speculation rises on potential ETF approval for Bitcoin.
2023-12-25,BTC drops as traders take profit after short rally.
2023-12-27,Crypto market rebounds after major liquidation event.
2023-12-29,Speculation rises on potential ETF approval for Bitcoin.
2023-12-31,Crypto market rebounds after major liquidation event.
